b,error,step
10.786999978378347,4.334312360866902e-05,-2.1621653800707463e-08
