b,error,step
4.112000187374829,4.338015277405701e-05,1.8737482854191967e-07
