b,error,step
11.993999974498813,4.000821343231229e-05,-2.550118693989134e-08
