b,error,step
3.185999446749351,1.7977677531086825e-05,-5.532506488492572e-07
