b,error,step
4.725000162060476,5.162037617790738e-05,1.620604761498612e-07
