b,error,step
6.855999973981147,5.5293168068886906e-05,-2.601885285002936e-08
