b,error,step
11.08899997134836,4.247359768154696e-05,-2.8651641059695976e-08
