b,error,step
3.4950006460515075,2.8221696536113333e-05,6.460515074024897e-07
