b,error,step
9.579999940227955,4.704097781009462e-05,-5.977204509122203e-08
