b,error,step
6.248999963998355,5.6239063572042244e-05,-3.600164433237296e-08
