b,error,step
11.691999984152089,4.080592991251943e-05,-1.5847911427613326e-08
