b,error,step
11.39099996385173,4.162788742836068e-05,-3.6148270154967577e-08
