b,error,step
5.336000008654766,5.5311810120033366e-05,8.6547657929259e-09
