b,error,step
8.672999951329244,4.997441670300152e-05,-4.867075631409534e-08
