b,error,step
5.640000155448055,5.607214752349538e-05,1.5544805531675365e-07
