b,error,step
5.030999991699802,5.389749881295127e-05,-8.300197862354253e-09
