b,error,step
7.158999996598722,5.4575017470208675e-05,-3.40127748188479e-09
