b,error,step
7.765999881474314,5.28622841809536e-05,-1.1852568615466907e-07
