b,error,step
4.41900010827183,4.8217892133401424e-05,1.0827183061223877e-07
