b,error,step
8.978999727751793,4.899573637140331e-05,-2.722482062011977e-07
