b,error,step
10.183999947031566,4.5151221829617204e-05,-5.2968433195133e-08
