b,error,step
9.273000207923976,4.8013692608194216e-05,2.0792397670277296e-07
