b,error,step
3.8049996513137714,3.678378572594648e-05,-3.486862287793713e-07
