b,error,step
6.55200006630399,5.586633775453098e-05,6.630399074225579e-08
