b,error,step
10.48599994585531,4.4236242306420914e-05,-5.4144690508906024e-08
