b,error,step
5.9449999763510775,5.63392182879749e-05,-2.364892282002984e-08
