b,error,step
8.067999948464035,5.192271340542396e-05,-5.1535964828985925e-08
