b,error,step
8.370999916791082,5.095588280402397e-05,-8.320891886626214e-08
