b,error,step
7.461999993842788,5.3753818523998254e-05,-6.157211629442827e-09
