b,error,step
9.881999945532272,4.6086894877654236e-05,-5.446772810557832e-08
